Metric,Test,Learned
MSE,0.00017854182580703018,0.00040687298703262747
MAE,0.009780655113504243,0.013176248075199567
