Metric,Test,Learned
MSE,0.0023115991149191993,0.0022858027140422654
MAE,0.035891213176115926,0.03586281980750336
