Metric,Test,Learned
MSE,0.0034952303,0.0034889865
MAE,0.03553237,0.03442319
