Metric,Test,Learned
MSE,0.00013916925,5.933434e-05
MAE,0.009262873,0.0065669157
