Metric,Test,Learned
MSE,0.008971881097778267,0.008976098460055973
MAE,0.05405910117563698,0.05425815616089275
