Metric,Test,Learned
MSE,0.000738339,0.00069195667
MAE,0.021325622,0.020420527
